{"cameraMode":{"drawMode":0,"name":"Shaded","section":"Shading Mode"},"sceneLighting":true,"audioPlay":false,"sceneViewState":{"m_AlwaysRefresh":false,"showFog":true,"showSkybox":true,"showFlares":true,"showImageEffects":true,"showParticleSystems":true,"showVisualEffectGraphs":true,"m_FxEnabled":true},"in2DMode":false,"pivot":{"x":33.874488830566409,"y":21.232574462890626,"z":35.862186431884769},"rotation":{"x":-0.09403154999017716,"y":0.650216817855835,"z":-0.08157725632190705,"w":-0.7494832277297974},"size":18.598913192749025,"orthographic":false}